{"frameRate":24,"movies":[],"textureGroups":[{"atlases":[{"textures":[{"symbol":"seven","rect":[1,1,128,125],"origin":[0,0]},{"symbol":"five","rect":[132,1,128,125],"origin":[0,0]},{"symbol":"four","rect":[263,1,128,125],"origin":[0,0]},{"symbol":"nine","rect":[1,128,128,125],"origin":[0,0]},{"symbol":"one","rect":[132,128,128,125],"origin":[0,0]},{"symbol":"eight","rect":[263,128,128,125],"origin":[0,0]},{"symbol":"six","rect":[1,255,128,125],"origin":[0,0]},{"symbol":"three","rect":[132,255,128,125],"origin":[0,0]},{"symbol":"two","rect":[263,255,128,125],"origin":[0,0]},{"symbol":"zero","rect":[1,382,128,125],"origin":[0,0]}],"file":"atlas0.png"}],"scaleFactor":1},{"atlases":[{"textures":[{"symbol":"seven","rect":[1,1,256,249],"origin":[0,0]},{"symbol":"five","rect":[260,1,256,249],"origin":[0,0]},{"symbol":"four","rect":[519,1,256,249],"origin":[0,0]},{"symbol":"nine","rect":[1,252,256,249],"origin":[0,0]},{"symbol":"one","rect":[260,252,256,249],"origin":[0,0]},{"symbol":"eight","rect":[519,252,256,249],"origin":[0,0]},{"symbol":"six","rect":[1,503,256,249],"origin":[0,0]},{"symbol":"three","rect":[260,503,256,249],"origin":[0,0]},{"symbol":"two","rect":[519,503,256,249],"origin":[0,0]},{"symbol":"zero","rect":[1,754,256,249],"origin":[0,0]}],"file":"atlas0@2x.png"}],"scaleFactor":2}],"md5":"ba4cb1990e4a392c869c10d3e22a5d39"}