{"textureGroups":[{"scaleFactor":1,"atlases":[{"file":"atlas0.png","textures":[{"symbol":"background","rect":[1,1,1024,681],"origin":[0,0]},{"symbol":"header","rect":[1,684,1024,136],"origin":[0,0]},{"symbol":"eight","rect":[1027,1,256,249],"origin":[0,0]},{"symbol":"five","rect":[1285,1,256,249],"origin":[0,0]},{"symbol":"four","rect":[1543,1,256,249],"origin":[0,0]},{"symbol":"nine","rect":[1027,252,256,249],"origin":[0,0]},{"symbol":"one","rect":[1285,252,256,249],"origin":[0,0]},{"symbol":"seven","rect":[1543,252,256,249],"origin":[0,0]},{"symbol":"six","rect":[1027,503,256,249],"origin":[0,0]},{"symbol":"three","rect":[1285,503,256,249],"origin":[0,0]},{"symbol":"two","rect":[1543,503,256,249],"origin":[0,0]},{"symbol":"zero","rect":[1027,754,256,249],"origin":[0,0]},{"symbol":"timer","rect":[1285,754,383,41],"origin":[0,0]}]}]}],"frameRate":24,"movies":[],"md5":"1fc754de0cae395ae854976a456764ed"}