{"frameRate":24,"movies":[],"textureGroups":[{"atlases":[{"textures":[{"symbol":"background","rect":[1,1,512,341],"origin":[0,0]},{"symbol":"header","rect":[1,344,512,68],"origin":[0,0]},{"symbol":"timer","rect":[515,1,192,21],"origin":[0,0]}],"file":"atlas0.png"}],"scaleFactor":1},{"atlases":[{"textures":[{"symbol":"background","rect":[1,1,1024,681],"origin":[0,0]},{"symbol":"header","rect":[1,684,1024,136],"origin":[0,0]},{"symbol":"timer","rect":[1027,1,383,41],"origin":[0,0]}],"file":"atlas0@2x.png"}],"scaleFactor":2}],"md5":"c12a7f91ac4741a6979dd348cafaa0ff"}