{"frameRate":24,"movies":[{"layers":[{"keyframes":[{"duration":24,"ref":"triangle","index":0,"loc":[-11,-17],"pivot":[156.5,100.95]},{"duration":25,"ref":"triangle","index":24,"loc":[318,37],"pivot":[156.5,100.95]},{"duration":25,"ref":"triangle","index":49,"loc":[84,197.95],"pivot":[156.5,100.95]},{"duration":1,"ref":"triangle","tweened":false,"index":74,"loc":[92,12.95],"pivot":[156.5,100.95]}],"name":"Layer 1"}],"id":"triangle_anim"}],"md5":"3bed6f56bc4ffa8ce64f15c723af53f9","textureGroups":[{"atlases":[{"textures":[{"symbol":"triangle","origin":[123.5,76.5],"rect":[1,1,313,202]}],"file":"atlas0.png"}],"scaleFactor":1}]}